batch_size,lr_opt,alpha,psnr_mean_avg,psnr_std,ssim_mean_avg,ssim_std,mse_avg,mse_std,num_runs
1,0.1,0.1,15.43,0.72,0.2701,0.0516,0.029068,0.005142,5
1,0.1,0.2,13.96,0.61,0.2609,0.0384,0.040601,0.005631,5
1,0.1,0.5,13.83,1.77,0.2301,0.0530,0.044972,0.018578,5
1,0.1,1.0,14.93,1.13,0.1530,0.0288,0.033204,0.008357,5
